Site Code,Survey Day,Survey Month,Survey Year,Acres,Temp_t,Temp_t_minus1,Temp_t_minus2,Temp_t_minus3,Temp_t_minus4,PctAcreChange
SHPT-W,15.0,9.0,2017.0,5.081828816684256,12.0,12.649000000000001,12.649000000000001,12.649000000000001,12.649000000000001,
SHPT-W,10.0,9.0,2018.0,9.81817641829785,16.0,12.0,12.649000000000001,12.649000000000001,12.649000000000001,93.20163611303857
SHPT-W,28.0,7.0,2019.0,4.414528847533525,14.0,16.0,12.0,14.0,14.0,-55.03718145351009
SHPT-W,18.0,9.0,2020.0,7.790410330384972,11.4,14.0,16.0,12.0,12.649000000000001,76.47206756248998
SHPT-W,19.0,9.0,2021.0,4.860295687805859,10.695,11.4,14.0,16.0,12.0,-37.61181399073132
SHPT-W,12.0,8.0,2022.0,3.267263721503619,11.945,10.695,11.4,14.0,16.0,-32.77644136547176
SHPT-W,1.0,9.0,2023.0,4.720686803974292,13.15,11.945,10.695,11.4,14.0,44.48441284077911
SHPT-W,16.0,8.0,2024.0,6.095016535272763,12.2,13.15,11.945,10.695,11.4,29.11291912315468
