Site Code,Survey Day,Survey Month,Survey Year,Acres,Temp_t,Temp_t_minus1,Temp_t_minus2,Temp_t_minus3,Temp_t_minus4,PctAcreChange
SHPT-E,15.0,9.0,2017.0,8.398103503089558,14.0,13.116666666666667,13.116666666666667,13.116666666666667,13.116666666666667,
SHPT-E,10.0,9.0,2018.0,10.12835949235011,14.0,14.0,13.116666666666667,13.116666666666667,13.116666666666667,20.602937182472346
SHPT-E,18.0,8.0,2019.0,12.09649628289971,17.0,14.0,14.0,13.8325,13.8325,19.431940503653333
SHPT-E,18.0,9.0,2020.0,8.583312937775062,11.350000000000001,17.0,14.0,14.0,13.116666666666667,-29.042982884978695
SHPT-E,20.0,8.0,2021.0,8.483058761344934,13.33,11.350000000000001,17.0,14.0,14.0,-1.168012597896917
SHPT-E,1.0,7.0,2022.0,5.374904479777809,10.835,13.33,11.350000000000001,17.0,14.0,-36.63954676030497
SHPT-E,4.0,8.0,2023.0,1.216886744308951,12.8,10.835,13.33,11.350000000000001,17.0,-77.35984427467899
SHPT-E,16.0,8.0,2024.0,0.3904015105616419,12.2,12.8,10.835,13.33,11.350000000000001,-67.91800778606195
